{"cameraMode":{"drawMode":0,"name":"Shaded","section":"Shading Mode"},"sceneLighting":true,"audioPlay":false,"sceneViewState":{"m_AlwaysRefresh":false,"showFog":true,"showSkybox":true,"showFlares":true,"showImageEffects":true,"showParticleSystems":true,"showVisualEffectGraphs":true,"m_FxEnabled":true},"in2DMode":false,"pivot":{"x":-35.38018798828125,"y":4.743974685668945,"z":-3.671226978302002},"rotation":{"x":0.4915119707584381,"y":0.014367963187396527,"z":-0.008110305294394493,"w":0.8707200288772583},"size":8.677389144897461,"orthographic":true}