{"cameraMode":{"drawMode":0,"name":"Shaded","section":"Shading Mode"},"sceneLighting":true,"audioPlay":false,"sceneViewState":{"m_AlwaysRefresh":false,"showFog":true,"showSkybox":true,"showFlares":true,"showImageEffects":true,"showParticleSystems":true,"showVisualEffectGraphs":true,"m_FxEnabled":true},"in2DMode":false,"pivot":{"x":-33.11268997192383,"y":1.6792049407958985,"z":-4.30397891998291},"rotation":{"x":-0.41267573833465578,"y":-0.0036017331294715406,"z":0.0015073454705998302,"w":-0.9108482003211975},"size":7.390851974487305,"orthographic":true}