{"cameraMode":{"drawMode":0,"name":"Shaded","section":"Shading Mode"},"sceneLighting":true,"audioPlay":false,"sceneViewState":{"m_AlwaysRefresh":false,"showFog":true,"showSkybox":true,"showFlares":true,"showImageEffects":true,"showParticleSystems":true,"showVisualEffectGraphs":true,"m_FxEnabled":true},"in2DMode":false,"pivot":{"x":-11.367307662963868,"y":19.489212036132814,"z":3.0784852504730226},"rotation":{"x":-0.16078275442123414,"y":-0.5267700552940369,"z":0.10224248468875885,"w":-0.828378438949585},"size":13.683111190795899,"orthographic":false}